id,BoroName,NTAName,Bus Route ID,Violation Type,count
0,Brooklyn,Greenpoint,B62,MOBILE BUS STOP,2082
0,Brooklyn,Greenpoint,B62,MOBILE DOUBLE PARKED,226
1,Brooklyn,Williamsburg,B44+,MOBILE BUS STOP,260
1,Brooklyn,Williamsburg,B44+,MOBILE DOUBLE PARKED,649
1,Brooklyn,Williamsburg,B62,MOBILE BUS STOP,3314
1,Brooklyn,Williamsburg,B62,MOBILE DOUBLE PARKED,331
1,Brooklyn,Williamsburg,Q54,MOBILE BUS STOP,5129
1,Brooklyn,Williamsburg,Q54,MOBILE DOUBLE PARKED,315
10,Brooklyn,Bedford-Stuyvesant (East),B25,MOBILE BUS STOP,1084
10,Brooklyn,Bedford-Stuyvesant (East),B25,MOBILE DOUBLE PARKED,536
10,Brooklyn,Bedford-Stuyvesant (East),B26,MOBILE BUS STOP,2917
10,Brooklyn,Bedford-Stuyvesant (East),B26,MOBILE DOUBLE PARKED,1077
10,Brooklyn,Bedford-Stuyvesant (East),B46+,MOBILE BUS LANE,268
10,Brooklyn,Bedford-Stuyvesant (East),B46+,MOBILE BUS STOP,10340
10,Brooklyn,Bedford-Stuyvesant (East),B46+,MOBILE DOUBLE PARKED,2619
100,Bronx,Westchester Square,Q44+,MOBILE BUS STOP,9
100,Bronx,Westchester Square,Q44+,MOBILE DOUBLE PARKED,9
101,Bronx,Throgs Neck-Schuylerville,BX5,MOBILE BUS STOP,35
101,Bronx,Throgs Neck-Schuylerville,BX5,MOBILE DOUBLE PARKED,76
102,Bronx,Pelham Bay-Country Club-City Island,BX12+,MOBILE BUS STOP,214
102,Bronx,Pelham Bay-Country Club-City Island,BX12+,MOBILE DOUBLE PARKED,9
102,Bronx,Pelham Bay-Country Club-City Island,BX5,MOBILE BUS STOP,13
102,Bronx,Pelham Bay-Country Club-City Island,BX5,MOBILE DOUBLE PARKED,9
103,Bronx,Co-op City,BX12+,MOBILE BUS STOP,1174
103,Bronx,Co-op City,BX12+,MOBILE DOUBLE PARKED,2094
103,Bronx,Co-op City,BX28,MOBILE BUS STOP,5520
103,Bronx,Co-op City,BX28,MOBILE DOUBLE PARKED,14189
103,Bronx,Co-op City,BX38,MOBILE BUS STOP,7521
103,Bronx,Co-op City,BX38,MOBILE DOUBLE PARKED,22357
105,Bronx,Ferry Point Park-St. Raymond Cemetery,Q44+,MOBILE DOUBLE PARKED,17
106,Bronx,Pelham Parkway-Van Nest,BX12+,MOBILE BUS LANE,364
106,Bronx,Pelham Parkway-Van Nest,BX12+,MOBILE BUS STOP,82
106,Bronx,Pelham Parkway-Van Nest,BX12+,MOBILE DOUBLE PARKED,9
106,Bronx,Pelham Parkway-Van Nest,BX36,MOBILE BUS STOP,467
106,Bronx,Pelham Parkway-Van Nest,BX36,MOBILE DOUBLE PARKED,5366
107,Bronx,Morris Park,BX12+,MOBILE BUS LANE,838
107,Bronx,Morris Park,BX12+,MOBILE BUS STOP,125
107,Bronx,Morris Park,BX12+,MOBILE DOUBLE PARKED,11
108,Bronx,Pelham Gardens,BX28,MOBILE BUS LANE,1200
108,Bronx,Pelham Gardens,BX28,MOBILE BUS STOP,2222
108,Bronx,Pelham Gardens,BX28,MOBILE DOUBLE PARKED,262
108,Bronx,Pelham Gardens,BX28-BX38,MOBILE BUS LANE,765
110,Bronx,Hutchinson Metro Center,BX12+,MOBILE DOUBLE PARKED,2
111,Bronx,Williamsbridge-Olinville,BX28,MOBILE BUS LANE,631
111,Bronx,Williamsbridge-Olinville,BX28,MOBILE BUS STOP,952
111,Bronx,Williamsbridge-Olinville,BX28,MOBILE DOUBLE PARKED,1633
111,Bronx,Williamsbridge-Olinville,BX28-BX38,MOBILE BUS LANE,1023
111,Bronx,Williamsbridge-Olinville,BX41+,MOBILE BUS STOP,915
111,Bronx,Williamsbridge-Olinville,BX41+,MOBILE DOUBLE PARKED,486
112,Bronx,Eastchester-Edenwald-Baychester,BX12+,MOBILE BUS STOP,1060
112,Bronx,Eastchester-Edenwald-Baychester,BX12+,MOBILE DOUBLE PARKED,58
112,Bronx,Eastchester-Edenwald-Baychester,BX28,MOBILE BUS LANE,328
112,Bronx,Eastchester-Edenwald-Baychester,BX28,MOBILE BUS STOP,625
112,Bronx,Eastchester-Edenwald-Baychester,BX28,MOBILE DOUBLE PARKED,1340
112,Bronx,Eastchester-Edenwald-Baychester,BX28-BX38,MOBILE BUS LANE,517
112,Bronx,Eastchester-Edenwald-Baychester,BX5,MOBILE BUS STOP,12
116,Bronx,Bronx Park,BX12+,MOBILE BUS STOP,65
116,Bronx,Bronx Park,BX12+,MOBILE DOUBLE PARKED,22
116,Bronx,Bronx Park,BX19,MOBILE BUS STOP,153
116,Bronx,Bronx Park,BX19,MOBILE DOUBLE PARKED,532
116,Bronx,Bronx Park,BX28-BX38,MOBILE BUS LANE,1
116,Bronx,Bronx Park,BX41+,MOBILE DOUBLE PARKED,2
116,Bronx,Bronx Park,Q44+,MOBILE BUS STOP,205
116,Bronx,Bronx Park,Q44+,MOBILE DOUBLE PARKED,6
117,Bronx,Pelham Bay Park,BX12+,MOBILE BUS STOP,597
117,Bronx,Pelham Bay Park,BX12+,MOBILE DOUBLE PARKED,2700
117,Bronx,Pelham Bay Park,BX5,MOBILE BUS LANE,1
117,Bronx,Pelham Bay Park,BX5,MOBILE BUS STOP,103
117,Bronx,Pelham Bay Park,BX5,MOBILE DOUBLE PARKED,14
118,Manhattan,Financial District-Battery Park City,M15+,MOBILE BUS STOP,21886
118,Manhattan,Financial District-Battery Park City,M15+,MOBILE DOUBLE PARKED,8579
119,Manhattan,Tribeca-Civic Center,M15+,MOBILE BUS STOP,3506
119,Manhattan,Tribeca-Civic Center,M15+,MOBILE DOUBLE PARKED,1708
12,Brooklyn,Bushwick (East),B26,MOBILE BUS STOP,5093
12,Brooklyn,Bushwick (East),B26,MOBILE DOUBLE PARKED,1051
12,Brooklyn,Bushwick (East),Q58,MOBILE BUS STOP,416
12,Brooklyn,Bushwick (East),Q58,MOBILE DOUBLE PARKED,67
122,Manhattan,Greenwich Village,ABLE,MOBILE BUS LANE,10
122,Manhattan,Greenwich Village,M14+,MOBILE BUS LANE,1601
122,Manhattan,Greenwich Village,M14+,MOBILE BUS STOP,1652
122,Manhattan,Greenwich Village,M14+,MOBILE DOUBLE PARKED,16
122,Manhattan,Greenwich Village,M2,MOBILE BUS STOP,468
122,Manhattan,Greenwich Village,M2,MOBILE DOUBLE PARKED,62
123,Manhattan,West Village,ABLE,MOBILE BUS LANE,18
123,Manhattan,West Village,M14+,MOBILE BUS LANE,1228
123,Manhattan,West Village,M14+,MOBILE BUS STOP,1781
123,Manhattan,West Village,M14+,MOBILE DOUBLE PARKED,173
124,Manhattan,Chinatown-Two Bridges,M15+,MOBILE BUS LANE,386
124,Manhattan,Chinatown-Two Bridges,M15+,MOBILE BUS STOP,13689
124,Manhattan,Chinatown-Two Bridges,M15+,MOBILE DOUBLE PARKED,9123
125,Manhattan,Lower East Side,ABLE,MOBILE BUS LANE,82
125,Manhattan,Lower East Side,M14+,MOBILE BUS LANE,677
125,Manhattan,Lower East Side,M14+,MOBILE BUS STOP,3709
125,Manhattan,Lower East Side,M14+,MOBILE DOUBLE PARKED,2236
125,Manhattan,Lower East Side,M15+,MOBILE BUS LANE,3949
125,Manhattan,Lower East Side,M15+,MOBILE BUS STOP,2478
125,Manhattan,Lower East Side,M15+,MOBILE DOUBLE PARKED,785
126,Manhattan,East Village,ABLE,MOBILE BUS LANE,1056
126,Manhattan,East Village,M101,MOBILE BUS STOP,3012
126,Manhattan,East Village,M101,MOBILE DOUBLE PARKED,1659
126,Manhattan,East Village,M14+,MOBILE BUS LANE,22503
126,Manhattan,East Village,M14+,MOBILE BUS STOP,5121
126,Manhattan,East Village,M14+,MOBILE DOUBLE PARKED,963
126,Manhattan,East Village,M15+,MOBILE BUS LANE,21450
126,Manhattan,East Village,M15+,MOBILE BUS STOP,8515
126,Manhattan,East Village,M15+,MOBILE DOUBLE PARKED,445
126,Manhattan,East Village,M2,MOBILE BUS STOP,116
126,Manhattan,East Village,M2,MOBILE DOUBLE PARKED,25
127,Manhattan,Chelsea-Hudson Yards,ABLE,MOBILE BUS LANE,88
127,Manhattan,Chelsea-Hudson Yards,M14+,MOBILE BUS LANE,1319
127,Manhattan,Chelsea-Hudson Yards,M14+,MOBILE BUS STOP,577
127,Manhattan,Chelsea-Hudson Yards,M14+,MOBILE DOUBLE PARKED,10
127,Manhattan,Chelsea-Hudson Yards,M23+,MOBILE BUS LANE,2399
127,Manhattan,Chelsea-Hudson Yards,M23+,MOBILE BUS STOP,3270
127,Manhattan,Chelsea-Hudson Yards,M23+,MOBILE DOUBLE PARKED,585
127,Manhattan,Chelsea-Hudson Yards,M34+,MOBILE BUS LANE,1939
127,Manhattan,Chelsea-Hudson Yards,M34+,MOBILE BUS STOP,365
127,Manhattan,Chelsea-Hudson Yards,M34+,MOBILE DOUBLE PARKED,47
127,Manhattan,Chelsea-Hudson Yards,M42,MOBILE BUS LANE,71
127,Manhattan,Chelsea-Hudson Yards,M42,MOBILE BUS STOP,88
127,Manhattan,Chelsea-Hudson Yards,M42,MOBILE DOUBLE PARKED,7
128,Manhattan,Hell's Kitchen,M42,MOBILE BUS LANE,1744
128,Manhattan,Hell's Kitchen,M42,MOBILE BUS STOP,305
128,Manhattan,Hell's Kitchen,M42,MOBILE DOUBLE PARKED,91
129,Manhattan,Midtown South-Flatiron-Union Square,ABLE,MOBILE BUS LANE,130
129,Manhattan,Midtown South-Flatiron-Union Square,M14+,MOBILE BUS LANE,998
129,Manhattan,Midtown South-Flatiron-Union Square,M14+,MOBILE BUS STOP,1163
129,Manhattan,Midtown South-Flatiron-Union Square,M14+,MOBILE DOUBLE PARKED,11
129,Manhattan,Midtown South-Flatiron-Union Square,M2,MOBILE BUS LANE,21
129,Manhattan,Midtown South-Flatiron-Union Square,M2,MOBILE BUS STOP,1240
129,Manhattan,Midtown South-Flatiron-Union Square,M2,MOBILE DOUBLE PARKED,47
129,Manhattan,Midtown South-Flatiron-Union Square,M23+,MOBILE BUS LANE,2315
129,Manhattan,Midtown South-Flatiron-Union Square,M23+,MOBILE BUS STOP,250
129,Manhattan,Midtown South-Flatiron-Union Square,M23+,MOBILE DOUBLE PARKED,24
129,Manhattan,Midtown South-Flatiron-Union Square,M34+,MOBILE BUS LANE,5077
129,Manhattan,Midtown South-Flatiron-Union Square,M34+,MOBILE BUS STOP,3927
129,Manhattan,Midtown South-Flatiron-Union Square,M34+,MOBILE DOUBLE PARKED,36
129,Manhattan,Midtown South-Flatiron-Union Square,M4,MOBILE BUS STOP,111
129,Manhattan,Midtown South-Flatiron-Union Square,M4,MOBILE DOUBLE PARKED,4
130,Manhattan,Midtown-Times Square,ABLE,MOBILE BUS LANE,32
130,Manhattan,Midtown-Times Square,M2,MOBILE BUS LANE,1597
130,Manhattan,Midtown-Times Square,M2,MOBILE BUS STOP,2699
130,Manhattan,Midtown-Times Square,M2,MOBILE DOUBLE PARKED,5
130,Manhattan,Midtown-Times Square,M34+,MOBILE BUS LANE,1960
130,Manhattan,Midtown-Times Square,M34+,MOBILE BUS STOP,1208
130,Manhattan,Midtown-Times Square,M34+,MOBILE DOUBLE PARKED,3
130,Manhattan,Midtown-Times Square,M42,MOBILE BUS LANE,1725
130,Manhattan,Midtown-Times Square,M42,MOBILE BUS STOP,371
130,Manhattan,Midtown-Times Square,M42,MOBILE DOUBLE PARKED,7
131,Manhattan,Stuyvesant Town-Peter Cooper Village,ABLE,MOBILE BUS LANE,144
131,Manhattan,Stuyvesant Town-Peter Cooper Village,M14+,MOBILE BUS LANE,3104
131,Manhattan,Stuyvesant Town-Peter Cooper Village,M14+,MOBILE BUS STOP,92
131,Manhattan,Stuyvesant Town-Peter Cooper Village,M14+,MOBILE DOUBLE PARKED,2
131,Manhattan,Stuyvesant Town-Peter Cooper Village,M15+,MOBILE BUS LANE,429
131,Manhattan,Stuyvesant Town-Peter Cooper Village,M15+,MOBILE BUS STOP,6
131,Manhattan,Stuyvesant Town-Peter Cooper Village,M23+,MOBILE BUS LANE,90
131,Manhattan,Stuyvesant Town-Peter Cooper Village,M23+,MOBILE BUS STOP,240
131,Manhattan,Stuyvesant Town-Peter Cooper Village,M23+,MOBILE DOUBLE PARKED,87
131,Manhattan,Stuyvesant Town-Peter Cooper Village,M34+,MOBILE BUS STOP,7
131,Manhattan,Stuyvesant Town-Peter Cooper Village,M34+,MOBILE DOUBLE PARKED,1
132,Manhattan,Gramercy,ABLE,MOBILE BUS LANE,1538
132,Manhattan,Gramercy,M101,MOBILE BUS STOP,8535
132,Manhattan,Gramercy,M101,MOBILE DOUBLE PARKED,10467
132,Manhattan,Gramercy,M14+,MOBILE BUS LANE,14501
132,Manhattan,Gramercy,M14+,MOBILE BUS STOP,494
132,Manhattan,Gramercy,M14+,MOBILE DOUBLE PARKED,10
132,Manhattan,Gramercy,M15+,MOBILE BUS LANE,54043
132,Manhattan,Gramercy,M15+,MOBILE BUS STOP,3182
132,Manhattan,Gramercy,M15+,MOBILE DOUBLE PARKED,586
132,Manhattan,Gramercy,M2,MOBILE BUS STOP,286
132,Manhattan,Gramercy,M2,MOBILE DOUBLE PARKED,29
132,Manhattan,Gramercy,M23+,MOBILE BUS LANE,4220
132,Manhattan,Gramercy,M23+,MOBILE BUS STOP,2800
132,Manhattan,Gramercy,M23+,MOBILE DOUBLE PARKED,90
132,Manhattan,Gramercy,M34+,MOBILE BUS STOP,863
132,Manhattan,Gramercy,M34+,MOBILE DOUBLE PARKED,166
133,Manhattan,Murray Hill-Kips Bay,ABLE,MOBILE BUS LANE,714
133,Manhattan,Murray Hill-Kips Bay,M101,MOBILE BUS LANE,1654
133,Manhattan,Murray Hill-Kips Bay,M101,MOBILE BUS STOP,9734
133,Manhattan,Murray Hill-Kips Bay,M101,MOBILE DOUBLE PARKED,2404
133,Manhattan,Murray Hill-Kips Bay,M15+,MOBILE BUS LANE,45224
133,Manhattan,Murray Hill-Kips Bay,M15+,MOBILE BUS STOP,10959
133,Manhattan,Murray Hill-Kips Bay,M15+,MOBILE DOUBLE PARKED,571
133,Manhattan,Murray Hill-Kips Bay,M23+,MOBILE BUS STOP,35
133,Manhattan,Murray Hill-Kips Bay,M23+,MOBILE DOUBLE PARKED,1
133,Manhattan,Murray Hill-Kips Bay,M34+,MOBILE BUS LANE,1499
133,Manhattan,Murray Hill-Kips Bay,M34+,MOBILE BUS STOP,5023
133,Manhattan,Murray Hill-Kips Bay,M34+,MOBILE DOUBLE PARKED,1837
133,Manhattan,Murray Hill-Kips Bay,M42,MOBILE BUS LANE,512
133,Manhattan,Murray Hill-Kips Bay,M42,MOBILE BUS STOP,349
133,Manhattan,Murray Hill-Kips Bay,M42,MOBILE DOUBLE PARKED,3
134,Manhattan,East Midtown-Turtle Bay,ABLE,MOBILE BUS LANE,394
134,Manhattan,East Midtown-Turtle Bay,M101,MOBILE BUS LANE,5212
134,Manhattan,East Midtown-Turtle Bay,M101,MOBILE BUS STOP,4983
134,Manhattan,East Midtown-Turtle Bay,M101,MOBILE DOUBLE PARKED,220
134,Manhattan,East Midtown-Turtle Bay,M15+,MOBILE BUS LANE,26632
134,Manhattan,East Midtown-Turtle Bay,M15+,MOBILE BUS STOP,4212
134,Manhattan,East Midtown-Turtle Bay,M15+,MOBILE DOUBLE PARKED,613
134,Manhattan,East Midtown-Turtle Bay,M42,MOBILE BUS LANE,29
134,Manhattan,East Midtown-Turtle Bay,M42,MOBILE BUS STOP,427
135,Manhattan,United Nations,ABLE,MOBILE BUS LANE,73
135,Manhattan,United Nations,M15+,MOBILE BUS LANE,5261
135,Manhattan,United Nations,M15+,MOBILE BUS STOP,303
135,Manhattan,United Nations,M15+,MOBILE DOUBLE PARKED,14
137,Manhattan,Upper West Side (Central),ABLE,MOBILE BUS LANE,22
137,Manhattan,Upper West Side (Central),M79+,MOBILE BUS LANE,1114
137,Manhattan,Upper West Side (Central),M79+,MOBILE BUS STOP,3474
137,Manhattan,Upper West Side (Central),M79+,MOBILE DOUBLE PARKED,12404
137,Manhattan,Upper West Side (Central),M86+,MOBILE BUS LANE,2288
137,Manhattan,Upper West Side (Central),M86+,MOBILE BUS STOP,3729
137,Manhattan,Upper West Side (Central),M86+,MOBILE DOUBLE PARKED,9716
138,Manhattan,Upper West Side-Manhattan Valley,M4,MOBILE BUS STOP,262
138,Manhattan,Upper West Side-Manhattan Valley,M4,MOBILE DOUBLE PARKED,54
138,Manhattan,Upper West Side-Manhattan Valley,M60+,MOBILE BUS STOP,723
138,Manhattan,Upper West Side-Manhattan Valley,M60+,MOBILE DOUBLE PARKED,2270
139,Manhattan,Upper East Side-Lenox Hill-Roosevelt Island,ABLE,MOBILE BUS LANE,1239
139,Manhattan,Upper East Side-Lenox Hill-Roosevelt Island,M101,MOBILE BUS LANE,3767
139,Manhattan,Upper East Side-Lenox Hill-Roosevelt Island,M101,MOBILE BUS STOP,8006
139,Manhattan,Upper East Side-Lenox Hill-Roosevelt Island,M101,MOBILE DOUBLE PARKED,337
139,Manhattan,Upper East Side-Lenox Hill-Roosevelt Island,M15+,MOBILE BUS LANE,76423
139,Manhattan,Upper East Side-Lenox Hill-Roosevelt Island,M15+,MOBILE BUS STOP,13836
139,Manhattan,Upper East Side-Lenox Hill-Roosevelt Island,M15+,MOBILE DOUBLE PARKED,3512
139,Manhattan,Upper East Side-Lenox Hill-Roosevelt Island,M79+,MOBILE BUS LANE,1729
139,Manhattan,Upper East Side-Lenox Hill-Roosevelt Island,M79+,MOBILE BUS STOP,600
139,Manhattan,Upper East Side-Lenox Hill-Roosevelt Island,M79+,MOBILE DOUBLE PARKED,3312
14,Brooklyn,Cypress Hills,B25,MOBILE DOUBLE PARKED,3
140,Manhattan,Upper East Side-Carnegie Hill,ABLE,MOBILE BUS LANE,10
140,Manhattan,Upper East Side-Carnegie Hill,M101,MOBILE BUS LANE,8883
140,Manhattan,Upper East Side-Carnegie Hill,M101,MOBILE BUS STOP,14260
140,Manhattan,Upper East Side-Carnegie Hill,M101,MOBILE DOUBLE PARKED,832
140,Manhattan,Upper East Side-Carnegie Hill,M2,MOBILE BUS LANE,18
140,Manhattan,Upper East Side-Carnegie Hill,M2,MOBILE BUS STOP,2409
140,Manhattan,Upper East Side-Carnegie Hill,M2,MOBILE DOUBLE PARKED,216
140,Manhattan,Upper East Side-Carnegie Hill,M79+,MOBILE BUS LANE,1832
140,Manhattan,Upper East Side-Carnegie Hill,M79+,MOBILE BUS STOP,1470
140,Manhattan,Upper East Side-Carnegie Hill,M79+,MOBILE DOUBLE PARKED,4363
140,Manhattan,Upper East Side-Carnegie Hill,M86+,MOBILE BUS LANE,521
140,Manhattan,Upper East Side-Carnegie Hill,M86+,MOBILE BUS STOP,1408
140,Manhattan,Upper East Side-Carnegie Hill,M86+,MOBILE DOUBLE PARKED,6975
141,Manhattan,Upper East Side-Yorkville,ABLE,MOBILE BUS LANE,871
141,Manhattan,Upper East Side-Yorkville,M101,MOBILE BUS LANE,2674
141,Manhattan,Upper East Side-Yorkville,M101,MOBILE BUS STOP,8039
141,Manhattan,Upper East Side-Yorkville,M101,MOBILE DOUBLE PARKED,50
141,Manhattan,Upper East Side-Yorkville,M15+,MOBILE BUS LANE,44518
141,Manhattan,Upper East Side-Yorkville,M15+,MOBILE BUS STOP,10829
141,Manhattan,Upper East Side-Yorkville,M15+,MOBILE DOUBLE PARKED,2122
141,Manhattan,Upper East Side-Yorkville,M79+,MOBILE BUS LANE,2321
141,Manhattan,Upper East Side-Yorkville,M79+,MOBILE BUS STOP,1029
141,Manhattan,Upper East Side-Yorkville,M79+,MOBILE DOUBLE PARKED,4052
141,Manhattan,Upper East Side-Yorkville,M86+,MOBILE BUS LANE,192
141,Manhattan,Upper East Side-Yorkville,M86+,MOBILE BUS STOP,2677
141,Manhattan,Upper East Side-Yorkville,M86+,MOBILE DOUBLE PARKED,12930
142,Manhattan,Morningside Heights,M100,MOBILE BUS STOP,225
142,Manhattan,Morningside Heights,M100,MOBILE DOUBLE PARKED,6
142,Manhattan,Morningside Heights,M101,MOBILE BUS LANE,832
142,Manhattan,Morningside Heights,M101,MOBILE BUS STOP,1588
142,Manhattan,Morningside Heights,M101,MOBILE DOUBLE PARKED,4651
142,Manhattan,Morningside Heights,M4,MOBILE BUS STOP,1059
142,Manhattan,Morningside Heights,M4,MOBILE DOUBLE PARKED,1441
142,Manhattan,Morningside Heights,M60+,MOBILE BUS LANE,1269
142,Manhattan,Morningside Heights,M60+,MOBILE BUS STOP,4532
142,Manhattan,Morningside Heights,M60+,MOBILE DOUBLE PARKED,21902
143,Manhattan,Manhattanville-West Harlem,M101,MOBILE BUS STOP,6197
143,Manhattan,Manhattanville-West Harlem,M101,MOBILE DOUBLE PARKED,9032
143,Manhattan,Manhattanville-West Harlem,M4,MOBILE BUS STOP,1080
143,Manhattan,Manhattanville-West Harlem,M4,MOBILE DOUBLE PARKED,768
144,Manhattan,Hamilton Heights-Sugar Hill,BX19,MOBILE BUS STOP,17492
144,Manhattan,Hamilton Heights-Sugar Hill,BX19,MOBILE DOUBLE PARKED,24903
144,Manhattan,Hamilton Heights-Sugar Hill,BX6+,MOBILE BUS STOP,340
144,Manhattan,Hamilton Heights-Sugar Hill,BX6+,MOBILE DOUBLE PARKED,3627
144,Manhattan,Hamilton Heights-Sugar Hill,M100,MOBILE BUS STOP,92
144,Manhattan,Hamilton Heights-Sugar Hill,M101,MOBILE BUS STOP,7418
144,Manhattan,Hamilton Heights-Sugar Hill,M101,MOBILE DOUBLE PARKED,19350
144,Manhattan,Hamilton Heights-Sugar Hill,M4,MOBILE BUS STOP,1603
144,Manhattan,Hamilton Heights-Sugar Hill,M4,MOBILE DOUBLE PARKED,1345
145,Manhattan,Harlem (South),M101,MOBILE BUS LANE,21045
145,Manhattan,Harlem (South),M101,MOBILE BUS STOP,6720
145,Manhattan,Harlem (South),M101,MOBILE DOUBLE PARKED,911
145,Manhattan,Harlem (South),M2,MOBILE BUS STOP,2005
145,Manhattan,Harlem (South),M2,MOBILE DOUBLE PARKED,245
145,Manhattan,Harlem (South),M4,MOBILE BUS STOP,135
145,Manhattan,Harlem (South),M4,MOBILE DOUBLE PARKED,37
145,Manhattan,Harlem (South),M60+,MOBILE BUS LANE,28798
145,Manhattan,Harlem (South),M60+,MOBILE BUS STOP,8175
145,Manhattan,Harlem (South),M60+,MOBILE DOUBLE PARKED,1461
146,Manhattan,Harlem (North),BX19,MOBILE BUS STOP,9404
146,Manhattan,Harlem (North),BX19,MOBILE DOUBLE PARKED,21633
146,Manhattan,Harlem (North),BX6+,MOBILE DOUBLE PARKED,2
146,Manhattan,Harlem (North),M2,MOBILE BUS STOP,872
146,Manhattan,Harlem (North),M2,MOBILE DOUBLE PARKED,150
147,Manhattan,East Harlem (South),ABLE,MOBILE BUS LANE,951
147,Manhattan,East Harlem (South),M101,MOBILE BUS STOP,7746
147,Manhattan,East Harlem (South),M101,MOBILE DOUBLE PARKED,19877
147,Manhattan,East Harlem (South),M15+,MOBILE BUS LANE,34980
147,Manhattan,East Harlem (South),M15+,MOBILE BUS STOP,4923
147,Manhattan,East Harlem (South),M15+,MOBILE DOUBLE PARKED,1715
147,Manhattan,East Harlem (South),M2,MOBILE BUS STOP,1573
147,Manhattan,East Harlem (South),M2,MOBILE DOUBLE PARKED,436
148,Manhattan,East Harlem (North),ABLE,MOBILE BUS LANE,827
148,Manhattan,East Harlem (North),BX19,MOBILE DOUBLE PARKED,2
148,Manhattan,East Harlem (North),M101,MOBILE BUS LANE,2789
148,Manhattan,East Harlem (North),M101,MOBILE BUS STOP,15915
148,Manhattan,East Harlem (North),M101,MOBILE DOUBLE PARKED,11893
148,Manhattan,East Harlem (North),M15+,MOBILE BUS LANE,46981
148,Manhattan,East Harlem (North),M15+,MOBILE BUS STOP,11710
148,Manhattan,East Harlem (North),M15+,MOBILE DOUBLE PARKED,2682
148,Manhattan,East Harlem (North),M60+,MOBILE BUS LANE,5049
148,Manhattan,East Harlem (North),M60+,MOBILE BUS STOP,4633
148,Manhattan,East Harlem (North),M60+,MOBILE DOUBLE PARKED,4220
15,Brooklyn,East New York (North),B25,MOBILE BUS STOP,784
15,Brooklyn,East New York (North),B25,MOBILE DOUBLE PARKED,7
150,Manhattan,Washington Heights (South),BX35,MOBILE BUS LANE,2794
150,Manhattan,Washington Heights (South),BX36,MOBILE BUS STOP,6201
150,Manhattan,Washington Heights (South),BX36,MOBILE DOUBLE PARKED,3625
150,Manhattan,Washington Heights (South),BX6+,MOBILE BUS STOP,8610
150,Manhattan,Washington Heights (South),BX6+,MOBILE DOUBLE PARKED,7490
150,Manhattan,Washington Heights (South),M100,MOBILE BUS STOP,2276
150,Manhattan,Washington Heights (South),M100,MOBILE DOUBLE PARKED,10084
150,Manhattan,Washington Heights (South),M101,MOBILE BUS STOP,12542
150,Manhattan,Washington Heights (South),M101,MOBILE DOUBLE PARKED,44434
150,Manhattan,Washington Heights (South),M2,MOBILE BUS STOP,1736
150,Manhattan,Washington Heights (South),M2,MOBILE DOUBLE PARKED,200
150,Manhattan,Washington Heights (South),M4,MOBILE BUS STOP,1646
150,Manhattan,Washington Heights (South),M4,MOBILE DOUBLE PARKED,1439
151,Manhattan,Washington Heights (North),BX35,MOBILE BUS LANE,14006
151,Manhattan,Washington Heights (North),BX35,MOBILE BUS STOP,564
151,Manhattan,Washington Heights (North),BX36,MOBILE BUS STOP,13994
151,Manhattan,Washington Heights (North),BX36,MOBILE DOUBLE PARKED,3420
151,Manhattan,Washington Heights (North),M100,MOBILE BUS STOP,1651
151,Manhattan,Washington Heights (North),M100,MOBILE DOUBLE PARKED,19362
151,Manhattan,Washington Heights (North),M101,MOBILE BUS STOP,7100
151,Manhattan,Washington Heights (North),M101,MOBILE DOUBLE PARKED,6276
151,Manhattan,Washington Heights (North),M4,MOBILE BUS STOP,978
151,Manhattan,Washington Heights (North),M4,MOBILE DOUBLE PARKED,958
152,Manhattan,Inwood,BX12+,MOBILE BUS LANE,28367
152,Manhattan,Inwood,BX12+,MOBILE BUS STOP,3060
152,Manhattan,Inwood,BX12+,MOBILE DOUBLE PARKED,34501
152,Manhattan,Inwood,M100,MOBILE BUS STOP,396
152,Manhattan,Inwood,M100,MOBILE DOUBLE PARKED,8779
153,Manhattan,Highbridge Park,BX36,MOBILE DOUBLE PARKED,11
153,Manhattan,Highbridge Park,M100,MOBILE BUS STOP,35
153,Manhattan,Highbridge Park,M100,MOBILE DOUBLE PARKED,64
153,Manhattan,Highbridge Park,M101,MOBILE BUS STOP,3149
153,Manhattan,Highbridge Park,M101,MOBILE DOUBLE PARKED,8273
153,Manhattan,Highbridge Park,M2,MOBILE BUS STOP,422
153,Manhattan,Highbridge Park,M2,MOBILE DOUBLE PARKED,34
154,Manhattan,Inwood Hill Park,M100,MOBILE BUS STOP,58
154,Manhattan,Inwood Hill Park,M100,MOBILE DOUBLE PARKED,154
155,Manhattan,Central Park,ABLE,MOBILE BUS LANE,1
155,Manhattan,Central Park,M2,MOBILE BUS LANE,2740
155,Manhattan,Central Park,M2,MOBILE BUS STOP,4199
155,Manhattan,Central Park,M2,MOBILE DOUBLE PARKED,34
155,Manhattan,Central Park,M4,MOBILE BUS STOP,109
155,Manhattan,Central Park,M4,MOBILE DOUBLE PARKED,2
155,Manhattan,Central Park,M79+,MOBILE BUS STOP,88
155,Manhattan,Central Park,M86+,MOBILE BUS LANE,59
155,Manhattan,Central Park,M86+,MOBILE BUS STOP,3
156,Queens,Astoria (North)-Ditmars-Steinway,M60+,MOBILE BUS LANE,11
156,Queens,Astoria (North)-Ditmars-Steinway,M60+,MOBILE BUS STOP,4250
156,Queens,Astoria (North)-Ditmars-Steinway,M60+,MOBILE DOUBLE PARKED,6259
156,Queens,Astoria (North)-Ditmars-Steinway,Q69,MOBILE BUS STOP,913
156,Queens,Astoria (North)-Ditmars-Steinway,Q69,MOBILE DOUBLE PARKED,214
157,Queens,Old Astoria-Hallets Point,Q69,MOBILE BUS LANE,232
157,Queens,Old Astoria-Hallets Point,Q69,MOBILE BUS STOP,547
157,Queens,Old Astoria-Hallets Point,Q69,MOBILE DOUBLE PARKED,182
158,Queens,Astoria (Central),M60+,MOBILE DOUBLE PARKED,5
158,Queens,Astoria (Central),Q69,MOBILE BUS LANE,71
158,Queens,Astoria (Central),Q69,MOBILE BUS STOP,77
158,Queens,Astoria (Central),Q69,MOBILE DOUBLE PARKED,92
159,Queens,Astoria (East)-Woodside (North),M60+,MOBILE BUS STOP,1359
159,Queens,Astoria (East)-Woodside (North),M60+,MOBILE DOUBLE PARKED,351
16,Brooklyn,East New York-New Lots,B82+,MOBILE BUS STOP,254
16,Brooklyn,East New York-New Lots,B82+,MOBILE DOUBLE PARKED,734
160,Queens,Queensbridge-Ravenswood-Dutch Kills,Q69,MOBILE BUS LANE,991
160,Queens,Queensbridge-Ravenswood-Dutch Kills,Q69,MOBILE BUS STOP,853
160,Queens,Queensbridge-Ravenswood-Dutch Kills,Q69,MOBILE DOUBLE PARKED,114
165,Queens,Long Island City-Hunters Point,B62,MOBILE BUS STOP,1755
165,Queens,Long Island City-Hunters Point,B62,MOBILE DOUBLE PARKED,656
165,Queens,Long Island City-Hunters Point,Q69,MOBILE BUS STOP,1154
165,Queens,Long Island City-Hunters Point,Q69,MOBILE DOUBLE PARKED,309
167,Queens,Woodside,Q53+,MOBILE BUS STOP,4019
167,Queens,Woodside,Q53+,MOBILE DOUBLE PARKED,1264
17,Brooklyn,Spring Creek-Starrett City,B82+,MOBILE BUS LANE,2874
17,Brooklyn,Spring Creek-Starrett City,B82+,MOBILE BUS STOP,8219
17,Brooklyn,Spring Creek-Starrett City,B82+,MOBILE DOUBLE PARKED,1423
170,Queens,Jackson Heights,M60+,MOBILE BUS STOP,29
170,Queens,Jackson Heights,M60+,MOBILE DOUBLE PARKED,241
170,Queens,Jackson Heights,Q69,MOBILE BUS STOP,40
170,Queens,Jackson Heights,Q69,MOBILE DOUBLE PARKED,5
171,Queens,East Elmhurst,M60+,MOBILE BUS STOP,3060
171,Queens,East Elmhurst,M60+,MOBILE DOUBLE PARKED,1146
173,Queens,Elmhurst,Q53+,MOBILE BUS LANE,710
173,Queens,Elmhurst,Q53+,MOBILE BUS STOP,8998
173,Queens,Elmhurst,Q53+,MOBILE DOUBLE PARKED,2391
173,Queens,Elmhurst,Q58,MOBILE BUS LANE,751
173,Queens,Elmhurst,Q58,MOBILE BUS STOP,9600
173,Queens,Elmhurst,Q58,MOBILE DOUBLE PARKED,6033
174,Queens,Corona,Q58,MOBILE BUS STOP,11394
174,Queens,Corona,Q58,MOBILE DOUBLE PARKED,9220
175,Queens,Maspeth,Q54,MOBILE BUS STOP,2904
175,Queens,Maspeth,Q54,MOBILE DOUBLE PARKED,165
175,Queens,Maspeth,Q58,MOBILE BUS STOP,12725
175,Queens,Maspeth,Q58,MOBILE DOUBLE PARKED,6352
176,Queens,Ridgewood,B26,MOBILE BUS STOP,140
176,Queens,Ridgewood,B26,MOBILE DOUBLE PARKED,14
176,Queens,Ridgewood,Q54,MOBILE BUS STOP,1797
176,Queens,Ridgewood,Q54,MOBILE DOUBLE PARKED,128
176,Queens,Ridgewood,Q58,MOBILE BUS LANE,6892
176,Queens,Ridgewood,Q58,MOBILE BUS STOP,22584
176,Queens,Ridgewood,Q58,MOBILE DOUBLE PARKED,1698
177,Queens,Glendale,Q53+,MOBILE BUS LANE,1217
177,Queens,Glendale,Q53+,MOBILE BUS STOP,239
177,Queens,Glendale,Q53+,MOBILE DOUBLE PARKED,59
177,Queens,Glendale,Q54,MOBILE BUS STOP,555
177,Queens,Glendale,Q54,MOBILE DOUBLE PARKED,18
178,Queens,Middle Village,Q53+,MOBILE BUS LANE,919
178,Queens,Middle Village,Q53+,MOBILE BUS STOP,1025
178,Queens,Middle Village,Q53+,MOBILE DOUBLE PARKED,419
178,Queens,Middle Village,Q54,MOBILE BUS STOP,2736
178,Queens,Middle Village,Q54,MOBILE DOUBLE PARKED,135
179,Queens,Mount Olivet & All Faiths Cemeteries,Q54,MOBILE BUS STOP,332
179,Queens,Mount Olivet & All Faiths Cemeteries,Q54,MOBILE DOUBLE PARKED,9
180,Queens,Middle Village Cemetery,Q54,MOBILE BUS STOP,131
180,Queens,Middle Village Cemetery,Q54,MOBILE DOUBLE PARKED,5
181,Queens,St. John Cemetery,Q53+,MOBILE BUS LANE,51
181,Queens,St. John Cemetery,Q53+,MOBILE BUS STOP,79
181,Queens,St. John Cemetery,Q53+,MOBILE DOUBLE PARKED,2
181,Queens,St. John Cemetery,Q54,MOBILE BUS STOP,265
181,Queens,St. John Cemetery,Q54,MOBILE DOUBLE PARKED,112
183,Queens,Rego Park,Q53+,MOBILE BUS LANE,363
183,Queens,Rego Park,Q53+,MOBILE BUS STOP,1846
183,Queens,Rego Park,Q53+,MOBILE DOUBLE PARKED,65
183,Queens,Rego Park,Q54,MOBILE BUS STOP,3
184,Queens,Forest Hills,Q54,MOBILE BUS STOP,2361
184,Queens,Forest Hills,Q54,MOBILE DOUBLE PARKED,44
185,Queens,College Point,Q44+,MOBILE DOUBLE PARKED,9
186,Queens,Whitestone-Beechhurst,Q44+,MOBILE BUS STOP,1418
186,Queens,Whitestone-Beechhurst,Q44+,MOBILE DOUBLE PARKED,330
188,Queens,Murray Hill-Broadway Flushing,Q44+,MOBILE BUS STOP,1115
188,Queens,Murray Hill-Broadway Flushing,Q44+,MOBILE DOUBLE PARKED,899
190,Queens,Queensboro Hill,Q44+,MOBILE BUS LANE,2569
190,Queens,Queensboro Hill,Q44+,MOBILE BUS STOP,1097
190,Queens,Queensboro Hill,Q44+,MOBILE DOUBLE PARKED,943
190,Queens,Queensboro Hill,Q58,MOBILE BUS STOP,318
190,Queens,Queensboro Hill,Q58,MOBILE DOUBLE PARKED,56
191,Queens,Flushing-Willets Point,Q44+,MOBILE BUS LANE,20854
191,Queens,Flushing-Willets Point,Q44+,MOBILE BUS STOP,15760
191,Queens,Flushing-Willets Point,Q44+,MOBILE DOUBLE PARKED,3103
191,Queens,Flushing-Willets Point,Q58,MOBILE BUS STOP,2416
191,Queens,Flushing-Willets Point,Q58,MOBILE DOUBLE PARKED,6873
194,Queens,Kew Gardens Hills,Q44+,MOBILE BUS STOP,7851
194,Queens,Kew Gardens Hills,Q44+,MOBILE DOUBLE PARKED,2550
197,Queens,Jamaica Estates-Holliswood,Q43,MOBILE BUS LANE,6014
197,Queens,Jamaica Estates-Holliswood,Q43,MOBILE BUS STOP,6086
197,Queens,Jamaica Estates-Holliswood,Q43,MOBILE DOUBLE PARKED,2347
198,Queens,Jamaica Hills-Briarwood,Q43,MOBILE BUS LANE,1181
198,Queens,Jamaica Hills-Briarwood,Q43,MOBILE BUS STOP,4945
198,Queens,Jamaica Hills-Briarwood,Q43,MOBILE DOUBLE PARKED,7454
198,Queens,Jamaica Hills-Briarwood,Q44+,MOBILE BUS LANE,3014
198,Queens,Jamaica Hills-Briarwood,Q44+,MOBILE BUS STOP,6585
198,Queens,Jamaica Hills-Briarwood,Q44+,MOBILE DOUBLE PARKED,7681
198,Queens,Jamaica Hills-Briarwood,Q54,MOBILE BUS STOP,296
198,Queens,Jamaica Hills-Briarwood,Q54,MOBILE DOUBLE PARKED,59
199,Queens,Mount Hebron & Cedar Grove Cemeteries,Q44+,MOBILE BUS STOP,477
199,Queens,Mount Hebron & Cedar Grove Cemeteries,Q44+,MOBILE DOUBLE PARKED,3
2,Brooklyn,South Williamsburg,B44+,MOBILE BUS LANE,1
2,Brooklyn,South Williamsburg,B44+,MOBILE BUS STOP,2216
2,Brooklyn,South Williamsburg,B44+,MOBILE DOUBLE PARKED,1463
2,Brooklyn,South Williamsburg,B62,MOBILE BUS STOP,1158
2,Brooklyn,South Williamsburg,B62,MOBILE DOUBLE PARKED,286
2,Brooklyn,South Williamsburg,Q54,MOBILE BUS STOP,6
201,Queens,Kew Gardens,Q54,MOBILE BUS STOP,2068
201,Queens,Kew Gardens,Q54,MOBILE DOUBLE PARKED,467
202,Queens,Richmond Hill,Q54,MOBILE BUS STOP,3551
202,Queens,Richmond Hill,Q54,MOBILE DOUBLE PARKED,473
204,Queens,Ozone Park (North),Q53+,MOBILE BUS LANE,80
204,Queens,Ozone Park (North),Q53+,MOBILE BUS STOP,3
205,Queens,Woodhaven,Q53+,MOBILE BUS LANE,44
205,Queens,Woodhaven,Q53+,MOBILE BUS STOP,127
205,Queens,Woodhaven,Q53+,MOBILE DOUBLE PARKED,26
207,Queens,Ozone Park,Q53+,MOBILE BUS LANE,1947
207,Queens,Ozone Park,Q53+,MOBILE BUS STOP,1471
207,Queens,Ozone Park,Q53+,MOBILE DOUBLE PARKED,88
208,Queens,Howard Beach-Lindenwood,Q53+,MOBILE BUS STOP,5384
208,Queens,Howard Beach-Lindenwood,Q53+,MOBILE DOUBLE PARKED,1675
209,Queens,Spring Creek Park,Q53+,MOBILE DOUBLE PARKED,27
21,Brooklyn,Park Slope,B41,MOBILE BUS LANE,77
21,Brooklyn,Park Slope,B41,MOBILE BUS STOP,5331
21,Brooklyn,Park Slope,B41,MOBILE DOUBLE PARKED,466
215,Queens,Jamaica,Q43,MOBILE BUS LANE,8747
215,Queens,Jamaica,Q43,MOBILE BUS STOP,10841
215,Queens,Jamaica,Q43,MOBILE DOUBLE PARKED,2619
215,Queens,Jamaica,Q44+,MOBILE BUS LANE,41732
215,Queens,Jamaica,Q44+,MOBILE BUS STOP,22736
215,Queens,Jamaica,Q44+,MOBILE DOUBLE PARKED,2086
215,Queens,Jamaica,Q5,MOBILE BUS LANE,2182
215,Queens,Jamaica,Q5,MOBILE BUS STOP,3597
215,Queens,Jamaica,Q5,MOBILE DOUBLE PARKED,184
215,Queens,Jamaica,Q54,MOBILE BUS LANE,26750
215,Queens,Jamaica,Q54,MOBILE BUS STOP,22186
215,Queens,Jamaica,Q54,MOBILE DOUBLE PARKED,8316
216,Queens,South Jamaica,Q5,MOBILE BUS LANE,2955
216,Queens,South Jamaica,Q5,MOBILE BUS STOP,7042
216,Queens,South Jamaica,Q5,MOBILE DOUBLE PARKED,1399
217,Queens,Baisley Park,Q5,MOBILE BUS LANE,254
217,Queens,Baisley Park,Q5,MOBILE BUS STOP,2067
217,Queens,Baisley Park,Q5,MOBILE DOUBLE PARKED,120
218,Queens,Springfield Gardens (North)-Rochdale Village,Q5,MOBILE BUS LANE,420
218,Queens,Springfield Gardens (North)-Rochdale Village,Q5,MOBILE BUS STOP,1405
218,Queens,Springfield Gardens (North)-Rochdale Village,Q5,MOBILE DOUBLE PARKED,51
219,Queens,St. Albans,Q5,MOBILE BUS LANE,688
219,Queens,St. Albans,Q5,MOBILE BUS STOP,3258
219,Queens,St. Albans,Q5,MOBILE DOUBLE PARKED,316
220,Queens,Hollis,Q43,MOBILE BUS LANE,3037
220,Queens,Hollis,Q43,MOBILE BUS STOP,2169
220,Queens,Hollis,Q43,MOBILE DOUBLE PARKED,514
221,Queens,Glen Oaks-Floral Park-New Hyde Park,Q43,MOBILE BUS STOP,679
221,Queens,Glen Oaks-Floral Park-New Hyde Park,Q43,MOBILE DOUBLE PARKED,313
222,Queens,Bellerose,Q43,MOBILE BUS STOP,1762
222,Queens,Bellerose,Q43,MOBILE DOUBLE PARKED,196
223,Queens,Queens Village,Q43,MOBILE BUS STOP,824
223,Queens,Queens Village,Q43,MOBILE DOUBLE PARKED,395
225,Queens,Laurelton,Q5,MOBILE BUS STOP,3349
225,Queens,Laurelton,Q5,MOBILE DOUBLE PARKED,1631
227,Queens,Rosedale,Q5,MOBILE BUS STOP,217
227,Queens,Rosedale,Q5,MOBILE DOUBLE PARKED,95
23,Brooklyn,Sunset Park (West),B35,MOBILE BUS STOP,2541
23,Brooklyn,Sunset Park (West),B35,MOBILE DOUBLE PARKED,934
23,Brooklyn,Sunset Park (West),S46,MOBILE DOUBLE PARKED,624
230,Queens,Rockaway Beach-Arverne-Edgemere,Q53+,MOBILE BUS LANE,279
230,Queens,Rockaway Beach-Arverne-Edgemere,Q53+,MOBILE BUS STOP,229
230,Queens,Rockaway Beach-Arverne-Edgemere,Q53+,MOBILE DOUBLE PARKED,18
231,Queens,Breezy Point-Belle Harbor-Rockaway Park-Broad Channel,Q53+,MOBILE BUS LANE,117
231,Queens,Breezy Point-Belle Harbor-Rockaway Park-Broad Channel,Q53+,MOBILE BUS STOP,959
231,Queens,Breezy Point-Belle Harbor-Rockaway Park-Broad Channel,Q53+,MOBILE DOUBLE PARKED,412
233,Queens,LaGuardia Airport,M60+,MOBILE BUS STOP,637
233,Queens,LaGuardia Airport,M60+,MOBILE DOUBLE PARKED,47
234,Queens,Flushing Meadows-Corona Park,Q58,MOBILE BUS STOP,165
234,Queens,Flushing Meadows-Corona Park,Q58,MOBILE DOUBLE PARKED,225
235,Queens,Forest Park,Q53+,MOBILE BUS LANE,98
235,Queens,Forest Park,Q53+,MOBILE BUS STOP,23
235,Queens,Forest Park,Q53+,MOBILE DOUBLE PARKED,18
235,Queens,Forest Park,Q54,MOBILE BUS STOP,77
235,Queens,Forest Park,Q54,MOBILE DOUBLE PARKED,2
237,Queens,Jamaica Bay (East),Q53+,MOBILE BUS STOP,10
237,Queens,Jamaica Bay (East),Q53+,MOBILE DOUBLE PARKED,3
239,Staten Island,St. George-New Brighton,S46,MOBILE BUS LANE,3125
239,Staten Island,St. George-New Brighton,S46,MOBILE BUS STOP,1926
239,Staten Island,St. George-New Brighton,S46,MOBILE DOUBLE PARKED,800
24,Brooklyn,Sunset Park (Central),B35,MOBILE BUS STOP,1063
24,Brooklyn,Sunset Park (Central),B35,MOBILE DOUBLE PARKED,345
24,Brooklyn,Sunset Park (Central),S46,MOBILE DOUBLE PARKED,278
240,Staten Island,Tompkinsville-Stapleton-Clifton-Fox Hills,S46,MOBILE BUS LANE,571
240,Staten Island,Tompkinsville-Stapleton-Clifton-Fox Hills,S46,MOBILE BUS STOP,973
240,Staten Island,Tompkinsville-Stapleton-Clifton-Fox Hills,S46,MOBILE DOUBLE PARKED,1
241,Staten Island,Rosebank-Shore Acres-Park Hill,S79+,MOBILE BUS STOP,60
241,Staten Island,Rosebank-Shore Acres-Park Hill,S79+,MOBILE DOUBLE PARKED,61
242,Staten Island,West New Brighton-Silver Lake-Grymes Hill,S46,MOBILE BUS LANE,196
242,Staten Island,West New Brighton-Silver Lake-Grymes Hill,S46,MOBILE BUS STOP,1319
242,Staten Island,West New Brighton-Silver Lake-Grymes Hill,S46,MOBILE DOUBLE PARKED,92
244,Staten Island,Port Richmond,S46,MOBILE BUS STOP,1396
244,Staten Island,Port Richmond,S46,MOBILE DOUBLE PARKED,151
245,Staten Island,Mariner's Harbor-Arlington-Graniteville,S46,MOBILE BUS STOP,1784
245,Staten Island,Mariner's Harbor-Arlington-Graniteville,S46,MOBILE DOUBLE PARKED,51
247,Staten Island,Grasmere-Arrochar-South Beach-Dongan Hills,S79+,MOBILE BUS LANE,2233
247,Staten Island,Grasmere-Arrochar-South Beach-Dongan Hills,S79+,MOBILE BUS STOP,1149
247,Staten Island,Grasmere-Arrochar-South Beach-Dongan Hills,S79+,MOBILE DOUBLE PARKED,108
248,Staten Island,New Dorp-Midland Beach,S79+,MOBILE BUS LANE,448
248,Staten Island,New Dorp-Midland Beach,S79+,MOBILE BUS STOP,474
248,Staten Island,New Dorp-Midland Beach,S79+,MOBILE DOUBLE PARKED,29
249,Staten Island,Todt Hill-Emerson Hill-Lighthouse Hill-Manor Heights,S79+,MOBILE BUS LANE,18
249,Staten Island,Todt Hill-Emerson Hill-Lighthouse Hill-Manor Heights,S79+,MOBILE DOUBLE PARKED,1
250,Staten Island,New Springville-Willowbrook-Bulls Head-Travis,S46,MOBILE BUS STOP,22
250,Staten Island,New Springville-Willowbrook-Bulls Head-Travis,S79+,MOBILE BUS LANE,57
250,Staten Island,New Springville-Willowbrook-Bulls Head-Travis,S79+,MOBILE BUS STOP,82
250,Staten Island,New Springville-Willowbrook-Bulls Head-Travis,S79+,MOBILE DOUBLE PARKED,61
251,Staten Island,Freshkills Park (North),S79+,MOBILE BUS LANE,3
251,Staten Island,Freshkills Park (North),S79+,MOBILE BUS STOP,1
251,Staten Island,Freshkills Park (North),S79+,MOBILE DOUBLE PARKED,1
252,Staten Island,Oakwood-Richmondtown,S79+,MOBILE BUS LANE,174
252,Staten Island,Oakwood-Richmondtown,S79+,MOBILE BUS STOP,98
252,Staten Island,Oakwood-Richmondtown,S79+,MOBILE DOUBLE PARKED,8
253,Staten Island,Great Kills-Eltingville,S79+,MOBILE BUS LANE,245
253,Staten Island,Great Kills-Eltingville,S79+,MOBILE BUS STOP,3043
253,Staten Island,Great Kills-Eltingville,S79+,MOBILE DOUBLE PARKED,236
26,Brooklyn,Prospect Heights,B41,MOBILE BUS STOP,3886
26,Brooklyn,Prospect Heights,B41,MOBILE DOUBLE PARKED,503
261,Staten Island,Great Kills Park,S79+,MOBILE BUS LANE,44
261,Staten Island,Great Kills Park,S79+,MOBILE BUS STOP,9
261,Staten Island,Great Kills Park,S79+,MOBILE DOUBLE PARKED,3
27,Brooklyn,Crown Heights (North),ABLE,MOBILE BUS LANE,257
27,Brooklyn,Crown Heights (North),B44+,MOBILE BUS LANE,983
27,Brooklyn,Crown Heights (North),B44+,MOBILE BUS STOP,3667
27,Brooklyn,Crown Heights (North),B44+,MOBILE DOUBLE PARKED,382
27,Brooklyn,Crown Heights (North),B46+,MOBILE BUS LANE,12829
27,Brooklyn,Crown Heights (North),B46+,MOBILE BUS STOP,4498
27,Brooklyn,Crown Heights (North),B46+,MOBILE DOUBLE PARKED,1974
29,Brooklyn,Crown Heights (South),ABLE,MOBILE BUS LANE,463
29,Brooklyn,Crown Heights (South),B44+,MOBILE BUS LANE,8782
29,Brooklyn,Crown Heights (South),B44+,MOBILE BUS STOP,1241
29,Brooklyn,Crown Heights (South),B44+,MOBILE DOUBLE PARKED,85
29,Brooklyn,Crown Heights (South),B46+,MOBILE BUS LANE,13455
29,Brooklyn,Crown Heights (South),B46+,MOBILE BUS STOP,6395
29,Brooklyn,Crown Heights (South),B46+,MOBILE DOUBLE PARKED,2903
3,Brooklyn,East Williamsburg,Q54,MOBILE BUS STOP,4999
3,Brooklyn,East Williamsburg,Q54,MOBILE DOUBLE PARKED,2030
30,Brooklyn,Prospect Lefferts Gardens-Wingate,ABLE,MOBILE BUS LANE,65
30,Brooklyn,Prospect Lefferts Gardens-Wingate,B41,MOBILE BUS STOP,1921
30,Brooklyn,Prospect Lefferts Gardens-Wingate,B41,MOBILE DOUBLE PARKED,4955
30,Brooklyn,Prospect Lefferts Gardens-Wingate,B44+,MOBILE BUS LANE,1571
30,Brooklyn,Prospect Lefferts Gardens-Wingate,B44+,MOBILE BUS STOP,4994
30,Brooklyn,Prospect Lefferts Gardens-Wingate,B44+,MOBILE DOUBLE PARKED,621
30,Brooklyn,Prospect Lefferts Gardens-Wingate,B46+,MOBILE BUS LANE,3945
30,Brooklyn,Prospect Lefferts Gardens-Wingate,B46+,MOBILE BUS STOP,189
30,Brooklyn,Prospect Lefferts Gardens-Wingate,B46+,MOBILE DOUBLE PARKED,343
31,Brooklyn,Bay Ridge,S79+,MOBILE BUS STOP,2658
31,Brooklyn,Bay Ridge,S79+,MOBILE DOUBLE PARKED,10002
33,Brooklyn,Fort Hamilton,S79+,MOBILE DOUBLE PARKED,31
35,Brooklyn,Bensonhurst,B82+,MOBILE BUS STOP,3221
35,Brooklyn,Bensonhurst,B82+,MOBILE DOUBLE PARKED,2567
36,Brooklyn,Bath Beach,B82+,MOBILE BUS STOP,1216
36,Brooklyn,Bath Beach,B82+,MOBILE DOUBLE PARKED,1334
37,Brooklyn,Gravesend (West),B82+,MOBILE BUS LANE,1709
37,Brooklyn,Gravesend (West),B82+,MOBILE BUS STOP,12815
37,Brooklyn,Gravesend (West),B82+,MOBILE DOUBLE PARKED,11839
38,Brooklyn,Sunset Park (East)-Borough Park (West),B35,MOBILE BUS STOP,3183
38,Brooklyn,Sunset Park (East)-Borough Park (West),B35,MOBILE DOUBLE PARKED,2313
38,Brooklyn,Sunset Park (East)-Borough Park (West),S46,MOBILE DOUBLE PARKED,2225
39,Brooklyn,Borough Park,B35,MOBILE BUS STOP,5618
39,Brooklyn,Borough Park,B35,MOBILE DOUBLE PARKED,4132
39,Brooklyn,Borough Park,S46,MOBILE DOUBLE PARKED,3544
4,Brooklyn,Brooklyn Heights,B25,MOBILE BUS STOP,542
4,Brooklyn,Brooklyn Heights,B25,MOBILE DOUBLE PARKED,118
4,Brooklyn,Brooklyn Heights,B41,MOBILE BUS STOP,245
4,Brooklyn,Brooklyn Heights,B41,MOBILE DOUBLE PARKED,100
40,Brooklyn,Kensington,B35,MOBILE BUS LANE,736
40,Brooklyn,Kensington,B35,MOBILE BUS STOP,10952
40,Brooklyn,Kensington,B35,MOBILE DOUBLE PARKED,2804
40,Brooklyn,Kensington,S46,MOBILE BUS LANE,637
40,Brooklyn,Kensington,S46,MOBILE DOUBLE PARKED,2512
46,Brooklyn,Flatbush,ABLE,MOBILE BUS LANE,443
46,Brooklyn,Flatbush,B35,MOBILE BUS STOP,7948
46,Brooklyn,Flatbush,B35,MOBILE DOUBLE PARKED,3216
46,Brooklyn,Flatbush,B41,MOBILE BUS STOP,11329
46,Brooklyn,Flatbush,B41,MOBILE DOUBLE PARKED,23266
46,Brooklyn,Flatbush,B44+,MOBILE BUS LANE,31281
46,Brooklyn,Flatbush,B44+,MOBILE BUS STOP,5901
46,Brooklyn,Flatbush,B44+,MOBILE DOUBLE PARKED,2512
46,Brooklyn,Flatbush,S46,MOBILE DOUBLE PARKED,2738
47,Brooklyn,Flatbush (West)-Ditmas Park-Parkville,B35,MOBILE BUS LANE,1165
47,Brooklyn,Flatbush (West)-Ditmas Park-Parkville,B35,MOBILE BUS STOP,2061
47,Brooklyn,Flatbush (West)-Ditmas Park-Parkville,B35,MOBILE DOUBLE PARKED,1017
47,Brooklyn,Flatbush (West)-Ditmas Park-Parkville,S46,MOBILE BUS LANE,1210
47,Brooklyn,Flatbush (West)-Ditmas Park-Parkville,S46,MOBILE DOUBLE PARKED,1196
48,Brooklyn,Midwood,B44+,MOBILE BUS LANE,154
48,Brooklyn,Midwood,B44+,MOBILE BUS STOP,4034
48,Brooklyn,Midwood,B44+,MOBILE DOUBLE PARKED,8387
48,Brooklyn,Midwood,B82+,MOBILE BUS LANE,53
48,Brooklyn,Midwood,B82+,MOBILE BUS STOP,149
48,Brooklyn,Midwood,B82+,MOBILE DOUBLE PARKED,904
49,Brooklyn,Gravesend (East)-Homecrest,B82+,MOBILE BUS LANE,913
49,Brooklyn,Gravesend (East)-Homecrest,B82+,MOBILE BUS STOP,9913
49,Brooklyn,Gravesend (East)-Homecrest,B82+,MOBILE DOUBLE PARKED,6113
5,Brooklyn,Downtown Brooklyn-DUMBO-Boerum Hill,B25,MOBILE BUS LANE,2204
5,Brooklyn,Downtown Brooklyn-DUMBO-Boerum Hill,B25,MOBILE BUS STOP,1798
5,Brooklyn,Downtown Brooklyn-DUMBO-Boerum Hill,B25,MOBILE DOUBLE PARKED,751
5,Brooklyn,Downtown Brooklyn-DUMBO-Boerum Hill,B26,MOBILE BUS LANE,175
5,Brooklyn,Downtown Brooklyn-DUMBO-Boerum Hill,B26,MOBILE BUS STOP,3576
5,Brooklyn,Downtown Brooklyn-DUMBO-Boerum Hill,B26,MOBILE DOUBLE PARKED,376
5,Brooklyn,Downtown Brooklyn-DUMBO-Boerum Hill,B41,MOBILE BUS LANE,7571
5,Brooklyn,Downtown Brooklyn-DUMBO-Boerum Hill,B41,MOBILE BUS STOP,2558
5,Brooklyn,Downtown Brooklyn-DUMBO-Boerum Hill,B41,MOBILE DOUBLE PARKED,1366
5,Brooklyn,Downtown Brooklyn-DUMBO-Boerum Hill,B62,MOBILE BUS LANE,836
5,Brooklyn,Downtown Brooklyn-DUMBO-Boerum Hill,B62,MOBILE BUS STOP,12321
5,Brooklyn,Downtown Brooklyn-DUMBO-Boerum Hill,B62,MOBILE DOUBLE PARKED,2012
50,Brooklyn,Madison,B44+,MOBILE BUS STOP,3334
50,Brooklyn,Madison,B44+,MOBILE DOUBLE PARKED,6468
50,Brooklyn,Madison,B82+,MOBILE BUS LANE,3091
50,Brooklyn,Madison,B82+,MOBILE BUS STOP,5691
50,Brooklyn,Madison,B82+,MOBILE DOUBLE PARKED,2857
51,Brooklyn,Sheepshead Bay-Manhattan Beach-Gerritsen Beach,B44+,MOBILE BUS LANE,80
51,Brooklyn,Sheepshead Bay-Manhattan Beach-Gerritsen Beach,B44+,MOBILE BUS STOP,4666
51,Brooklyn,Sheepshead Bay-Manhattan Beach-Gerritsen Beach,B44+,MOBILE DOUBLE PARKED,4401
52,Brooklyn,Ocean Hill,B25,MOBILE BUS STOP,2205
52,Brooklyn,Ocean Hill,B25,MOBILE DOUBLE PARKED,1005
52,Brooklyn,Ocean Hill,B26,MOBILE BUS STOP,429
52,Brooklyn,Ocean Hill,B26,MOBILE DOUBLE PARKED,119
53,Brooklyn,Brownsville,B35,MOBILE BUS STOP,3935
53,Brooklyn,Brownsville,B35,MOBILE DOUBLE PARKED,1604
53,Brooklyn,Brownsville,S46,MOBILE DOUBLE PARKED,1437
54,Brooklyn,East Flatbush-Erasmus,ABLE,MOBILE BUS LANE,85
54,Brooklyn,East Flatbush-Erasmus,B35,MOBILE BUS STOP,8433
54,Brooklyn,East Flatbush-Erasmus,B35,MOBILE DOUBLE PARKED,5292
54,Brooklyn,East Flatbush-Erasmus,B41,MOBILE BUS STOP,583
54,Brooklyn,East Flatbush-Erasmus,B41,MOBILE DOUBLE PARKED,2948
54,Brooklyn,East Flatbush-Erasmus,B44+,MOBILE BUS LANE,5063
54,Brooklyn,East Flatbush-Erasmus,B44+,MOBILE BUS STOP,18186
54,Brooklyn,East Flatbush-Erasmus,B44+,MOBILE DOUBLE PARKED,2832
54,Brooklyn,East Flatbush-Erasmus,B46+,MOBILE BUS LANE,432
54,Brooklyn,East Flatbush-Erasmus,S46,MOBILE DOUBLE PARKED,4710
55,Brooklyn,East Flatbush-Farragut,ABLE,MOBILE BUS LANE,327
55,Brooklyn,East Flatbush-Farragut,B44+,MOBILE BUS LANE,3434
55,Brooklyn,East Flatbush-Farragut,B44+,MOBILE BUS STOP,115
55,Brooklyn,East Flatbush-Farragut,B44+,MOBILE DOUBLE PARKED,272
55,Brooklyn,East Flatbush-Farragut,B46+,MOBILE BUS LANE,16255
55,Brooklyn,East Flatbush-Farragut,B46+,MOBILE BUS STOP,3052
55,Brooklyn,East Flatbush-Farragut,B46+,MOBILE DOUBLE PARKED,2208
56,Brooklyn,East Flatbush-Rugby,ABLE,MOBILE BUS LANE,557
56,Brooklyn,East Flatbush-Rugby,B35,MOBILE BUS STOP,18873
56,Brooklyn,East Flatbush-Rugby,B35,MOBILE DOUBLE PARKED,5968
56,Brooklyn,East Flatbush-Rugby,B46+,MOBILE BUS LANE,38655
56,Brooklyn,East Flatbush-Rugby,B46+,MOBILE BUS STOP,11068
56,Brooklyn,East Flatbush-Rugby,B46+,MOBILE DOUBLE PARKED,10953
56,Brooklyn,East Flatbush-Rugby,S46,MOBILE DOUBLE PARKED,5367
57,Brooklyn,East Flatbush-Remsen Village,B35,MOBILE BUS STOP,8737
57,Brooklyn,East Flatbush-Remsen Village,B35,MOBILE DOUBLE PARKED,3656
57,Brooklyn,East Flatbush-Remsen Village,S46,MOBILE DOUBLE PARKED,2718
59,Brooklyn,Flatlands,ABLE,MOBILE BUS LANE,319
59,Brooklyn,Flatlands,B41,MOBILE BUS STOP,11062
59,Brooklyn,Flatlands,B41,MOBILE DOUBLE PARKED,9207
59,Brooklyn,Flatlands,B44+,MOBILE BUS LANE,140
59,Brooklyn,Flatlands,B44+,MOBILE BUS STOP,3857
59,Brooklyn,Flatlands,B44+,MOBILE DOUBLE PARKED,5230
59,Brooklyn,Flatlands,B46+,MOBILE BUS LANE,24080
59,Brooklyn,Flatlands,B46+,MOBILE BUS STOP,9659
59,Brooklyn,Flatlands,B46+,MOBILE DOUBLE PARKED,5827
59,Brooklyn,Flatlands,B82+,MOBILE BUS LANE,402
59,Brooklyn,Flatlands,B82+,MOBILE BUS STOP,573
59,Brooklyn,Flatlands,B82+,MOBILE DOUBLE PARKED,1881
6,Brooklyn,Fort Greene,B25,MOBILE BUS LANE,14771
6,Brooklyn,Fort Greene,B25,MOBILE BUS STOP,5466
6,Brooklyn,Fort Greene,B25,MOBILE DOUBLE PARKED,363
6,Brooklyn,Fort Greene,B26,MOBILE DOUBLE PARKED,80
6,Brooklyn,Fort Greene,B41,MOBILE BUS STOP,582
6,Brooklyn,Fort Greene,B41,MOBILE DOUBLE PARKED,35
6,Brooklyn,Fort Greene,B62,MOBILE BUS STOP,533
6,Brooklyn,Fort Greene,B62,MOBILE DOUBLE PARKED,491
60,Brooklyn,Marine Park-Mill Basin-Bergen Beach,B41,MOBILE BUS STOP,2333
60,Brooklyn,Marine Park-Mill Basin-Bergen Beach,B41,MOBILE DOUBLE PARKED,2468
60,Brooklyn,Marine Park-Mill Basin-Bergen Beach,B44+,MOBILE BUS STOP,4825
60,Brooklyn,Marine Park-Mill Basin-Bergen Beach,B44+,MOBILE DOUBLE PARKED,1185
60,Brooklyn,Marine Park-Mill Basin-Bergen Beach,B46+,MOBILE BUS LANE,1
60,Brooklyn,Marine Park-Mill Basin-Bergen Beach,B46+,MOBILE BUS STOP,2034
60,Brooklyn,Marine Park-Mill Basin-Bergen Beach,B46+,MOBILE DOUBLE PARKED,1516
60,Brooklyn,Marine Park-Mill Basin-Bergen Beach,B82+,MOBILE BUS LANE,4
60,Brooklyn,Marine Park-Mill Basin-Bergen Beach,B82+,MOBILE BUS STOP,12
60,Brooklyn,Marine Park-Mill Basin-Bergen Beach,B82+,MOBILE DOUBLE PARKED,1
61,Brooklyn,Canarsie,B42,MOBILE BUS LANE,5869
61,Brooklyn,Canarsie,B42,MOBILE BUS STOP,4087
61,Brooklyn,Canarsie,B42,MOBILE DOUBLE PARKED,644
61,Brooklyn,Canarsie,B82+,MOBILE BUS LANE,172
61,Brooklyn,Canarsie,B82+,MOBILE BUS STOP,13756
61,Brooklyn,Canarsie,B82+,MOBILE DOUBLE PARKED,11736
65,Brooklyn,Prospect Park,B41,MOBILE BUS STOP,1011
65,Brooklyn,Prospect Park,B41,MOBILE DOUBLE PARKED,348
69,Bronx,Mott Haven-Port Morris,BX19,MOBILE BUS LANE,14644
69,Bronx,Mott Haven-Port Morris,BX19,MOBILE BUS STOP,6594
69,Bronx,Mott Haven-Port Morris,BX19,MOBILE DOUBLE PARKED,8060
69,Bronx,Mott Haven-Port Morris,BX41+,MOBILE BUS STOP,462
7,Brooklyn,Clinton Hill,B25,MOBILE BUS LANE,7082
7,Brooklyn,Clinton Hill,B25,MOBILE BUS STOP,927
7,Brooklyn,Clinton Hill,B25,MOBILE DOUBLE PARKED,950
7,Brooklyn,Clinton Hill,B26,MOBILE BUS STOP,114
7,Brooklyn,Clinton Hill,B26,MOBILE DOUBLE PARKED,8
7,Brooklyn,Clinton Hill,B62,MOBILE BUS STOP,208
7,Brooklyn,Clinton Hill,B62,MOBILE DOUBLE PARKED,148
70,Bronx,Melrose,BX19,MOBILE BUS LANE,32449
70,Bronx,Melrose,BX19,MOBILE BUS STOP,15702
70,Bronx,Melrose,BX19,MOBILE DOUBLE PARKED,4100
70,Bronx,Melrose,BX41+,MOBILE BUS STOP,6240
70,Bronx,Melrose,BX41+,MOBILE DOUBLE PARKED,12435
71,Bronx,Hunts Point,BX19,MOBILE BUS STOP,3553
71,Bronx,Hunts Point,BX19,MOBILE DOUBLE PARKED,19371
71,Bronx,Hunts Point,BX5,MOBILE BUS STOP,2
71,Bronx,Hunts Point,BX6+,MOBILE BUS LANE,370
71,Bronx,Hunts Point,BX6+,MOBILE BUS STOP,12428
71,Bronx,Hunts Point,BX6+,MOBILE DOUBLE PARKED,19209
72,Bronx,Longwood,BX19,MOBILE BUS STOP,19644
72,Bronx,Longwood,BX19,MOBILE DOUBLE PARKED,71996
72,Bronx,Longwood,BX35,MOBILE BUS STOP,242
72,Bronx,Longwood,BX35,MOBILE DOUBLE PARKED,564
72,Bronx,Longwood,BX5,MOBILE BUS STOP,43
72,Bronx,Longwood,BX5,MOBILE DOUBLE PARKED,23
72,Bronx,Longwood,BX6+,MOBILE BUS LANE,135
72,Bronx,Longwood,BX6+,MOBILE BUS STOP,6147
72,Bronx,Longwood,BX6+,MOBILE DOUBLE PARKED,9626
74,Bronx,Morrisania,BX35,MOBILE BUS STOP,2963
74,Bronx,Morrisania,BX35,MOBILE DOUBLE PARKED,14153
74,Bronx,Morrisania,BX41+,MOBILE BUS STOP,208
74,Bronx,Morrisania,BX41+,MOBILE DOUBLE PARKED,2569
74,Bronx,Morrisania,BX6+,MOBILE BUS LANE,5453
74,Bronx,Morrisania,BX6+,MOBILE BUS STOP,7316
74,Bronx,Morrisania,BX6+,MOBILE DOUBLE PARKED,16395
75,Bronx,Claremont Village-Claremont (East),BX35,MOBILE BUS STOP,866
75,Bronx,Claremont Village-Claremont (East),BX35,MOBILE DOUBLE PARKED,6372
75,Bronx,Claremont Village-Claremont (East),BX41+,MOBILE BUS LANE,25854
75,Bronx,Claremont Village-Claremont (East),BX41+,MOBILE BUS STOP,3432
75,Bronx,Claremont Village-Claremont (East),BX41+,MOBILE DOUBLE PARKED,160
76,Bronx,Crotona Park East,BX19,MOBILE BUS STOP,1690
76,Bronx,Crotona Park East,BX19,MOBILE DOUBLE PARKED,42581
76,Bronx,Crotona Park East,BX35,MOBILE BUS STOP,2236
76,Bronx,Crotona Park East,BX35,MOBILE DOUBLE PARKED,4973
77,Bronx,Crotona Park,BX19,MOBILE BUS STOP,41
77,Bronx,Crotona Park,BX19,MOBILE DOUBLE PARKED,473
78,Bronx,Concourse-Concourse Village,BX19,MOBILE BUS LANE,1437
78,Bronx,Concourse-Concourse Village,BX19,MOBILE BUS STOP,183
78,Bronx,Concourse-Concourse Village,BX19,MOBILE DOUBLE PARKED,183
78,Bronx,Concourse-Concourse Village,BX35,MOBILE BUS STOP,5041
78,Bronx,Concourse-Concourse Village,BX35,MOBILE DOUBLE PARKED,18741
78,Bronx,Concourse-Concourse Village,BX41+,MOBILE BUS LANE,14153
78,Bronx,Concourse-Concourse Village,BX41+,MOBILE BUS STOP,4575
78,Bronx,Concourse-Concourse Village,BX41+,MOBILE DOUBLE PARKED,1790
78,Bronx,Concourse-Concourse Village,BX6+,MOBILE BUS LANE,12
78,Bronx,Concourse-Concourse Village,BX6+,MOBILE BUS STOP,2736
78,Bronx,Concourse-Concourse Village,BX6+,MOBILE DOUBLE PARKED,11115
79,Bronx,Highbridge,BX35,MOBILE BUS LANE,8
79,Bronx,Highbridge,BX35,MOBILE BUS STOP,1
79,Bronx,Highbridge,BX35,MOBILE DOUBLE PARKED,3269
79,Bronx,Highbridge,BX36,MOBILE DOUBLE PARKED,1
79,Bronx,Highbridge,BX6+,MOBILE DOUBLE PARKED,1
8,Brooklyn,Brooklyn Navy Yard,B62,MOBILE BUS STOP,52
8,Brooklyn,Brooklyn Navy Yard,B62,MOBILE DOUBLE PARKED,202
80,Bronx,Mount Eden-Claremont (West),BX35,MOBILE BUS LANE,2
80,Bronx,Mount Eden-Claremont (West),BX35,MOBILE DOUBLE PARKED,464
80,Bronx,Mount Eden-Claremont (West),BX36,MOBILE BUS LANE,92
80,Bronx,Mount Eden-Claremont (West),BX36,MOBILE DOUBLE PARKED,447
80,Bronx,Mount Eden-Claremont (West),BX41+,MOBILE BUS LANE,11136
80,Bronx,Mount Eden-Claremont (West),BX41+,MOBILE BUS STOP,1968
80,Bronx,Mount Eden-Claremont (West),BX41+,MOBILE DOUBLE PARKED,79
81,Bronx,Yankee Stadium-Macombs Dam Park,BX6+,MOBILE BUS LANE,60
81,Bronx,Yankee Stadium-Macombs Dam Park,BX6+,MOBILE BUS STOP,312
81,Bronx,Yankee Stadium-Macombs Dam Park,BX6+,MOBILE DOUBLE PARKED,19
83,Bronx,University Heights (South)-Morris Heights,BX36,MOBILE BUS LANE,17834
83,Bronx,University Heights (South)-Morris Heights,BX36,MOBILE BUS STOP,4987
83,Bronx,University Heights (South)-Morris Heights,BX36,MOBILE DOUBLE PARKED,11584
84,Bronx,Mount Hope,BX36,MOBILE BUS STOP,12244
84,Bronx,Mount Hope,BX36,MOBILE DOUBLE PARKED,9831
84,Bronx,Mount Hope,BX41+,MOBILE BUS LANE,29557
84,Bronx,Mount Hope,BX41+,MOBILE BUS STOP,1862
84,Bronx,Mount Hope,BX41+,MOBILE DOUBLE PARKED,987
85,Bronx,Fordham Heights,BX12+,MOBILE BUS LANE,21627
85,Bronx,Fordham Heights,BX12+,MOBILE BUS STOP,4946
85,Bronx,Fordham Heights,BX12+,MOBILE DOUBLE PARKED,726
85,Bronx,Fordham Heights,BX41+,MOBILE BUS LANE,10313
85,Bronx,Fordham Heights,BX41+,MOBILE BUS STOP,1532
85,Bronx,Fordham Heights,BX41+,MOBILE DOUBLE PARKED,385
86,Bronx,West Farms,BX19,MOBILE BUS STOP,1372
86,Bronx,West Farms,BX19,MOBILE DOUBLE PARKED,1656
86,Bronx,West Farms,BX36,MOBILE BUS STOP,7358
86,Bronx,West Farms,BX36,MOBILE DOUBLE PARKED,14152
86,Bronx,West Farms,Q44+,MOBILE BUS STOP,1885
86,Bronx,West Farms,Q44+,MOBILE DOUBLE PARKED,416
87,Bronx,Tremont,BX19,MOBILE BUS STOP,5437
87,Bronx,Tremont,BX19,MOBILE DOUBLE PARKED,7626
87,Bronx,Tremont,BX36,MOBILE BUS STOP,10444
87,Bronx,Tremont,BX36,MOBILE DOUBLE PARKED,28114
88,Bronx,Belmont,BX12+,MOBILE BUS LANE,13782
88,Bronx,Belmont,BX12+,MOBILE BUS STOP,2484
88,Bronx,Belmont,BX12+,MOBILE DOUBLE PARKED,23
88,Bronx,Belmont,BX19,MOBILE BUS STOP,2571
88,Bronx,Belmont,BX19,MOBILE DOUBLE PARKED,8665
88,Bronx,Belmont,BX41+,MOBILE BUS LANE,25744
88,Bronx,Belmont,BX41+,MOBILE BUS STOP,3815
88,Bronx,Belmont,BX41+,MOBILE DOUBLE PARKED,843
89,Bronx,University Heights (North)-Fordham,BX12+,MOBILE BUS LANE,44190
89,Bronx,University Heights (North)-Fordham,BX12+,MOBILE BUS STOP,13713
89,Bronx,University Heights (North)-Fordham,BX12+,MOBILE DOUBLE PARKED,8216
89,Bronx,University Heights (North)-Fordham,BX28,MOBILE BUS STOP,183
89,Bronx,University Heights (North)-Fordham,BX28,MOBILE DOUBLE PARKED,1439
9,Brooklyn,Bedford-Stuyvesant (West),ABLE,MOBILE BUS LANE,33
9,Brooklyn,Bedford-Stuyvesant (West),B25,MOBILE BUS STOP,2494
9,Brooklyn,Bedford-Stuyvesant (West),B25,MOBILE DOUBLE PARKED,1214
9,Brooklyn,Bedford-Stuyvesant (West),B26,MOBILE BUS LANE,192
9,Brooklyn,Bedford-Stuyvesant (West),B26,MOBILE BUS STOP,4120
9,Brooklyn,Bedford-Stuyvesant (West),B26,MOBILE DOUBLE PARKED,1175
9,Brooklyn,Bedford-Stuyvesant (West),B44+,MOBILE BUS LANE,10473
9,Brooklyn,Bedford-Stuyvesant (West),B44+,MOBILE BUS STOP,12570
9,Brooklyn,Bedford-Stuyvesant (West),B44+,MOBILE DOUBLE PARKED,4768
9,Brooklyn,Bedford-Stuyvesant (West),B46+,MOBILE BUS LANE,694
90,Bronx,Bedford Park,BX28,MOBILE BUS STOP,4218
90,Bronx,Bedford Park,BX28,MOBILE DOUBLE PARKED,8736
90,Bronx,Bedford Park,BX41+,MOBILE BUS LANE,22965
90,Bronx,Bedford Park,BX41+,MOBILE BUS STOP,2493
90,Bronx,Bedford Park,BX41+,MOBILE DOUBLE PARKED,1645
91,Bronx,Norwood,BX28,MOBILE BUS LANE,323
91,Bronx,Norwood,BX28,MOBILE BUS STOP,11565
91,Bronx,Norwood,BX28,MOBILE DOUBLE PARKED,6446
91,Bronx,Norwood,BX28-BX38,MOBILE BUS LANE,369
91,Bronx,Norwood,BX41+,MOBILE BUS LANE,16530
91,Bronx,Norwood,BX41+,MOBILE BUS STOP,4782
91,Bronx,Norwood,BX41+,MOBILE DOUBLE PARKED,20003
95,Bronx,Soundview-Bruckner-Bronx River,BX36,MOBILE BUS STOP,3801
95,Bronx,Soundview-Bruckner-Bronx River,BX36,MOBILE DOUBLE PARKED,19263
95,Bronx,Soundview-Bruckner-Bronx River,BX5,MOBILE BUS LANE,114
95,Bronx,Soundview-Bruckner-Bronx River,BX5,MOBILE BUS STOP,39
95,Bronx,Soundview-Bruckner-Bronx River,BX5,MOBILE DOUBLE PARKED,64
95,Bronx,Soundview-Bruckner-Bronx River,Q44+,MOBILE BUS STOP,1353
95,Bronx,Soundview-Bruckner-Bronx River,Q44+,MOBILE DOUBLE PARKED,953
96,Bronx,Soundview-Clason Point,BX36,MOBILE BUS LANE,3828
96,Bronx,Soundview-Clason Point,BX36,MOBILE BUS STOP,1211
96,Bronx,Soundview-Clason Point,BX36,MOBILE DOUBLE PARKED,12494
96,Bronx,Soundview-Clason Point,BX5,MOBILE BUS LANE,481
96,Bronx,Soundview-Clason Point,BX5,MOBILE BUS STOP,85
96,Bronx,Soundview-Clason Point,BX5,MOBILE DOUBLE PARKED,27
97,Bronx,Castle Hill-Unionport,BX36,MOBILE BUS STOP,2075
97,Bronx,Castle Hill-Unionport,BX36,MOBILE DOUBLE PARKED,18095
97,Bronx,Castle Hill-Unionport,BX5,MOBILE BUS STOP,212
97,Bronx,Castle Hill-Unionport,BX5,MOBILE DOUBLE PARKED,22
97,Bronx,Castle Hill-Unionport,Q44+,MOBILE BUS STOP,5546
97,Bronx,Castle Hill-Unionport,Q44+,MOBILE DOUBLE PARKED,10896
98,Bronx,Parkchester,BX36,MOBILE BUS STOP,2166
98,Bronx,Parkchester,BX36,MOBILE DOUBLE PARKED,12730
98,Bronx,Parkchester,Q44+,MOBILE BUS STOP,148
98,Bronx,Parkchester,Q44+,MOBILE DOUBLE PARKED,551
99,Bronx,Soundview Park,BX5,MOBILE BUS LANE,1
